mult_constraints_one_simple	q536:发明显微镜的人是什么职业？	select ?y where { <显微镜> <发明人> ?x. ?x <职业> ?y. }
mult_constraints_one_simple	q537:汉武帝的陵墓在哪里？	select ?y where { <汉武帝_（汉朝皇帝）> <陵墓> ?x. ?x <地理位置> ?y. }
mult_constraints_one_simple	q563:《天工开物》的作者出生在哪个朝代？	select ?y where { <天工开物_（中国古代科学著作）> <作者> ?x. ?x <国籍> ?y. }
mult_constraints_one_simple	q568:犹太人领袖摩西的出生地在哪个大洲？	select ?y where { <摩西_（犹太人的民族领袖）> <出生地> ?x. ?x <所属洲> ?y. }
mult_constraints_one_simple	q596:刚玉的主要成分的化学式是什么？	select ?y where { <刚玉> <主要成份> ?x. ?x <化学式> ?y. }
mult_constraints_one_simple	q597:北大现任校长何时出生？	select ?y where { <北京大学> <现任校长> ?x. ?x <出生日期> ?y. }
mult_constraints_one_simple	q600:苹果公司的现任董事长外文名是什么？	select ?y where { <苹果_（苹果产品公司）> <现任董事长> ?x. ?x <外文名> ?y. }
mult_constraints_one_simple	q601:《路西法效应》的作者从事什么职业？	select ?y where { <路西法效应> <作者> ?x. ?x <职业> ?y. }
mult_constraints_one_simple	q623:味精主要成分的化学式是什么？	select ?y where { <味精> <成分> ?x. ?x <化学式> ?y. }
mult_constraints_one_simple	q626:《额尔古纳河右岸》的作者何时出生？	select ?y where { <额尔古纳河右岸> <作者> ?x. ?x <出生日期> ?y. }
mult_constraints_one_simple	q636:埃菲尔铁塔的设计师是什么时候去世的？	select ?y where { <埃菲尔铁塔_（巴黎城市地标之一）> <设计者> ?x. ?x <逝世日期> ?y. }
mult_constraints_one_simple	q637:织田信长所处的乱世在哪一年结束？	select ?y where { <织田信长_（日本战国三杰之一，安土桃山时代的大名）> <所处时代> ?x. ?x <结束时间> ?y. }
mult_constraints_one_simple	q645:汽车的动力的外文名是什么？	select ?y where { <汽车> <动力> ?x. ?x <外文名> ?y. }
mult_constraints_one_simple	q649:《欢乐颂》作者的老师都有谁？	select ?y where { <欢乐颂_（贝多芬作品）> <谱曲> ?x. ?x <老师> ?y. }
mult_constraints_one_simple	q662:黄帝的妻子有什么成就？	select ?y where { <黄帝> <配偶> ?x. ?x <主要成就> ?y. }
mult_constraints_one_simple	q666:电影阿凡达的出品公司的经营范围有哪些？	select ?y where { <Avatar_（2009年上映詹姆斯·卡梅隆执导美国电影）> <出品公司> ?x. ?x <经营范围> ?y. }
mult_constraints_one_simple	q673:奥地利的首都的城市面积有多大？	select ?y where { <奥地利> <首都> ?x. ?x <城市面积> ?y. }
mult_constraints_one_simple	q674:开发chrome浏览器的公司的CEO是谁？	select ?y where { <Chrome_（谷歌浏览器）> <开发商> ?x. ?x <首席执行官> ?y. }
mult_constraints_one_simple	q680:任天堂的创始人在哪一年去世？	select ?y where { <任天堂> <创始人> ?x. ?x <逝世日期> ?y. }
mult_constraints_one_simple	q693:故宫的建造者的陵墓在哪里？	select ?y where { <故宫_（北京故宫）> <建造者> ?x. ?x <陵墓> ?y. }
mult_constraints_one_simple	q716:X射线具有的性质有由谁提出的？	select ?y where { <X射线> <性质> ?x. ?x <提出者> ?y. }
mult_constraints_one_simple	q721:《未来形而上学导论》的作者于什么事件逝世？	select ?y where { <未来形而上学导论> <作者> ?x. ?x <逝世日期> ?y. }
mult_constraints_one_simple	q722:苹果公司的现任首席执行官出生于什么时间？	select ?y where { <苹果_（苹果产品公司）> <首席执行官> ?x. ?x <出生日期> ?y. }
mult_constraints_one_simple	q732:冯小刚的女儿在哪儿上的大学？	select ?y where { <冯小刚> <女儿> ?x. ?x <毕业院校> ?y. }
mult_constraints_one_simple	q733:舒伯特出生城市有什么著名景点？	select ?y where { <舒伯特> <出生地> ?x. ?x <著名景点> ?y. }
mult_constraints_one_simple	q736:# 邓稼先的母校的校训是？	select ?y where { <邓稼先_（中国科学院院士）> <毕业院校> ?x. ?x <校训> ?y. }
mult_constraints_one_simple	q744:算盘的发明者是什么时代的人？	select ?y where { <算盘> <发明者> ?x. ?x <所处时代> ?y. }
mult_constraints_one_simple	q765:亚马孙河所在的大洲主要使用哪些语言？	select ?y where { <亚马孙河> <所属地区> ?x. ?x <语言> ?y. }
mult_constraints_one_simple	q775:《最后的晚餐》的作者出生地是哪里？	select ?y where { <最后的晚餐_（达·芬奇画作）> <作者> ?x. ?x <出生地> ?y. }
mult_constraints_one_simple	q787:《聊斋志异》的作者被人们称为什么？	select ?y where { <聊斋志异_（蒲松龄著文言短篇小说集《聊斋志异》）> <作者> ?x. ?x <别称> ?y. }
mult_constraints_one_simple	q799:电影阿凡达的出品公司的成立时间？	select ?y where { <Avatar_（2009年上映詹姆斯·卡梅隆执导美国电影）> <出品公司> ?x. ?x <成立时间> ?y. }
mult_constraints_one_simple	q800:冥王星的发现者的外文名是什么？	select ?y where { <冥王星_（太阳系中的一个天体）> <发现者> ?x. ?x <外文名> ?y. }
mult_constraints_one_simple	q803:天蝎座的守护神的居所在哪里？	select ?y where { <天蝎座_（占星学）> <守护神> ?x. ?x <居所> ?y. }
mult_constraints_one_simple	q812:"骐骥一跃不能十步"的作者的知名弟子有哪些？	select ?y where { <骐骥一跃不能十步> <作者> ?x. ?x <著名弟子> ?y. }
mult_constraints_one_simple	q816:《街头霸王》系列游戏的发行公司成立于哪一年？	select ?y where { <街头霸王_（日本CAPCOM公司推出电子游戏系列）> <发行商> ?x. ?x <成立时间> ?y. }
mult_constraints_one_simple	q824:《水浒传》所属文学体裁的三要素是什么？	select ?y where { <水浒传（竖版）> <类型> ?x. ?x <三要素> ?y. }
mult_constraints_one_simple	q825:光合作用发生的部位长度是多少？	select ?y where { <光合作用> <作用部位> ?x. ?x <长径> ?y. }
mult_constraints_one_simple	q840:冥王星的发现者是哪国人？	select ?y where { <冥王星_（太阳系中的一个天体）> <发现者> ?x. ?x <国籍> ?y. }
mult_constraints_one_simple	q843:小说《伊豆的舞女》的作者出生日期是哪年?	select ?y where { <雪国_（日本川端康成著小说）> <作者> ?x. ?x <出生日期> ?y. }
mult_constraints_one_simple	q871:信教的北洋军阀有谁？	select ?x where { <北洋军阀_（民国军阀势力之一）> <主要人物> ?x. ?x <信仰> ?z. }
mult_constraints_one_simple	q882:《额尔古纳河右岸》的作者出生在哪里？	select ?y where { <额尔古纳河右岸> <作者> ?x. ?x <出生地> ?y. }
mult_constraints_one_simple	q888:在金庸小说《天龙八部》中，无崖子的师妹的外孙女是谁？	select ?y where { <无崖子> <师妹> ?x. ?x <外孙女> ?y. }
mult_constraints_one_simple	q893:舒伯特出生城市的车牌代码是什么？	select ?y where { <舒伯特> <出生地> ?x. ?x <车牌代码> ?y. }
mult_constraints_one_simple	q894:纳兰性德的父亲担任过什么官职？	select ?y where { <纳兰性德> <父亲> ?x. ?x <主要职位> ?y. }
mult_constraints_one_simple	q901:苹果公司的现任首席设计师是哪个国家的？	select ?y where { <苹果_（苹果产品公司）> <首席设计师> ?x. ?x <国籍> ?y. }
mult_constraints_one_simple	q906:指环王导演获得过那些奖项？	select ?y where { <指环王_（英美2001-2003年彼得·杰克逊执导系列电影）> <导演> ?x. ?x <主要成就> ?y. }
mult_constraints_one_simple	q910:《指环王》系列电影的导演是哪个国家的？	select ?y where { <指环王_（英美2001-2003年彼得·杰克逊执导系列电影）> <导演> ?x. ?x <国籍> ?y. }
mult_constraints_one_simple	q912:《全唐诗》编于哪个朝代？	select ?y where { <全唐诗> <作者> ?x. ?x <所处时代> ?y. }
mult_constraints_one_simple	q919:清华校长是哪里人？	select ?y where { <清华大学> <现任校长> ?x. ?x <出生地> ?y. }
mult_constraints_one_simple	q921:成龙的儿子有哪些代表作？	select ?y where { <成龙_（中国香港演员、导演）> <儿子> ?x. ?x <代表作品> ?y. }
mult_constraints_one_simple	q931:演员刘烨的儿女是哪国人？	select ?y where { <刘烨_（中国内地男演员）> <子女> ?x. ?x <国籍> ?y. }
mult_constraints_one_simple	q943:天龙八部的作者原名是什么？	select ?y where { <天龙八部_（金庸创作小说）> <作者> ?x. ?x <中文名> ?y. }
mult_constraints_one_simple	q949:宋代词人李清照的丈夫是什么职业？	select ?y where { <李清照_（宋代女词人）> <配偶> ?x. ?x <职业> ?y. }
mult_constraints_one_simple	q962:《EVA》片头曲的原唱是谁？	select ?y where { <eva_（福音战士ACGN系列）> <片头曲> ?x. ?x <歌曲原唱> ?y. }
mult_constraints_one_simple	q963:故宫的建造者还有哪些其他的成就？	select ?y where { <故宫_（北京故宫）> <建造者> ?x. ?x <主要成就> ?y. }
mult_constraints_one_simple	q965:《巴黎圣母院》的作者有什么成就？	select ?y where { <巴黎圣母院_（维克多·雨果长篇小说）> <作者> ?x. ?x <主要成就> ?y. }
mult_constraints_one_simple	q972:舒伯特出生城市有什么国籍组织？	select ?y where { <舒伯特> <出生地> ?x. ?x <国际组织> ?y. }
mult_constraints_one_simple	q974:澳大利亚的首都有多少人口？	select ?y where { <澳大利亚> <首都> ?x. ?x <人口> ?y. }
mult_constraints_one_simple	q984:福尔摩斯的哥哥从事什么职业？	select ?y where { <福尔摩斯_（英国作家阿瑟·柯南·道尔创作人物）> <哥哥> ?x. ?x <职业> ?y. }
mult_constraints_one_simple	q1008:克里斯蒂亚诺·罗纳尔多所属的运动队主席是谁？	select ?y where { <克里斯蒂亚诺·罗纳尔多_（葡萄牙足球运动员）> <所属运动队> ?x. ?x <主席> ?y. }
mult_constraints_one_simple	q1018:《指环王》系列电影的发行公司后来被哪个公司收购了？	select ?y where { <指环王_（英美2001-2003年彼得·杰克逊执导系列电影）> <发行公司> ?x. ?x <收购公司> ?y. }
mult_constraints_one_simple	q1020:北大现任校长的信仰是什么？	select ?y where { <北京大学> <现任校长> ?x. ?x <信仰> ?y. }
mult_constraints_one_simple	q1029:《存在与时间》一书的作者是哪个民族的人？	select ?y where { <存在与时间> <作者> ?x. ?x <民族> ?y. }
mult_constraints_one_simple	q1030:腾讯的创始人都有哪些主要成就？	select ?y where { <腾讯> <创始人> ?x. ?x <主要成就> ?y. }
mult_constraints_one_simple	q1034:毒战导演有哪些代表作品？	select ?y where { <毒战> <导演> ?x. ?x <代表作品> ?y. }
mult_constraints_one_simple	q1035:故宫的建造者的逝世地点在哪里？	select ?y where { <故宫_（北京故宫）> <建造者> ?x. ?x <逝世地点> ?y. }
mult_constraints_one_simple	q1037:多元组：克苏鲁出自哪位作家创作的小说？	select ?y where { <克苏鲁_（克苏鲁的呼唤神话小说里面的邪灵角色）> <出处> ?x. ?x <作者> ?y. }
mult_constraints_one_simple	q1040:北京大学的现任校长是什么时候出生的？	select ?y where { <北京大学> <现任校长> ?x. ?x <出生日期> ?y. }
mult_constraints_one_simple	q1044:火腿起源于我国古代的一个朝代，它的选官制度是什么？	select ?y where { <火腿_（腌制或熏制的猪腿）> <起源> ?x. ?x <选官制度> ?y. }
mult_constraints_one_simple	q1069:中国首都的电话区号是多少？	select ?y where { <中华人民共和国> <首都> ?x. ?x <电话区号> ?y. }
mult_constraints_one_simple	q1100:北大现任校长何时开始工作？	select ?y where { <北京大学> <现任校长> ?x. ?x <工作时间> ?y. }
mult_constraints_one_simple	q1109:小苏打片的主要成分的化学式是什么？	select ?y where { <小苏打片> <成份> ?x. ?x <化学式> ?y. }
mult_constraints_one_simple	q1115:女王尼托克丽丝统治的王国面积有多大？	select ?y where { <尼托克丽丝> <出生地> ?x. ?x <国土面积> ?y. }
mult_constraints_one_simple	q1125:"而立之年"这一说法的提出者原名是什么？	select ?y where { <而立之年_（汉语成语）> <提出人> ?x. ?x <本名> ?y. }
mult_constraints_one_simple	q1130:《全职猎人》因为其作者不务正业更新缓慢，请问作者沉迷的爱好是什么？	select ?y where { <全职猎人_（富坚义博创作的漫画）> <作者> ?x. ?x <爱好> ?y. }
mult_constraints_one_simple	q1181:张继科参加的比赛项目起源于哪里？	select ?y where { <张继科> <运动项目> ?x. ?x <起源> ?y. }
mult_constraints_one_simple	q1194:启蒙运动的代表人物都来自哪些国家？	select ?y where { <启蒙运动> <代表人物> ?x. ?x <国籍> ?y. }
mult_constraints_one_simple	q1197:广义信息论的提出者的代表作品有哪些？	select ?y where { <广义信息论> <提出者> ?x. ?x <代表作品> ?y. }
mult_constraints_one_simple	q1209:天蝎座的守护神的妻子是谁？	select ?y where { <天蝎座_（占星学）> <守护神> ?x. ?x <配偶> ?y. }
mult_constraints_one_simple	q1211:著有长篇小说白鹿原的作者有哪些成就？	select ?y where { <白鹿原_（陈忠实长篇小说）> <作者> ?x. ?x <主要成就> ?y. }
mult_constraints_one_simple	q1212:北大现任校长有哪些主要成就？	select ?y where { <北京大学> <现任校长> ?x. ?x <主要成就> ?y. }
mult_constraints_one_simple	q1220:《时间简史》的作者是哪个国家的？	select ?y where { <时间简史_（斯蒂芬·霍金著作）> <作者> ?x. ?x <国籍> ?y. }
mult_constraints_one_simple	q1228:网络动画秦时明月的原作者的英文名是啥？	select ?y where { <秦时明月_（沈乐平执导TV/网络动画系列）> <原作> ?x. ?x <外文名> ?y. }
mult_constraints_one_simple	q1246:凯撒的祖国的官方语言是什么？	select ?y where { <凯撒_（凯撒）> <国籍> ?x. ?x <官方语言> ?y. }
mult_constraints_one_simple	q1256:电影朝花夕拾的编剧是哪里人？	select ?y where { <朝花夕拾_（1987年方中信主演香港电影）> <编剧> ?x. ?x <出生地> ?y. }
mult_constraints_one_simple	q1260:汽车的动力的工作原理是什么？	select ?y where { <汽车> <动力> ?x. ?x <工作原理> ?y. }
mult_constraints_one_simple	q1267:基因载体的组成是什么？	select ?y where { <基因> <载体> ?x. ?x <组成> ?y. }
mult_constraints_one_simple	q1270:理查德·道金斯的代表作是什么时候出版的？	select ?y where { <理查德·道金斯> <代表作品> ?x. ?x <出版时间> ?y. }
mult_constraints_one_simple	q1274:足球运动员梅西所在的球队现任主教练是谁？	select ?y where { <里奥·梅西_（阿根廷足球运动员）> <所属运动队> ?x. ?x <现任主教练> ?y. }
mult_constraints_one_simple	q1280:"超人主义"的提出人的代表作品有哪些？	select ?y where { <超人主义> <提出者> ?x. ?x <代表作品> ?y. }
mult_constraints_one_simple	q1483:角色金田一郎所在的漫画是什么时候出版的？	select ?y where { <金田一郎> <登场作品> ?x. ?x <出版时间> ?y. }
mult_constraints_one_simple	q1510:中国古代四大发明的提出者毕业于哪个学校？	select ?y where { <四大发明_（中国古代四大发明）> <提出者> ?x. ?x <毕业院校> ?y. }
mult_constraints_one_simple	q1512:天蝎座的守护神的外文名是什么？	select ?y where { <天蝎座_（占星学）> <守护神> ?x. ?x <外文名> ?y. }
mult_constraints_one_simple	q1517:电影阿凡达的主演们都获得过那些成就？	select ?y where { <Avatar_（2009年上映詹姆斯·卡梅隆执导美国电影）> <主演> ?x. ?x <主要成就> ?y. }
mult_constraints_one_simple	q1527:存在主义伦理学的代表人物都有哪些代表作？	select ?y where { <存在主义伦理学> <主要代表人物> ?x. ?x <代表作品> ?y. }
mult_constraints_one_simple	q1536:在金庸小说《天龙八部》中，阿紫的师父有什么法宝？	select ?y where { <阿紫_（金庸武侠小说《天龙八部》人物）> <师父> ?x. ?x <星宿三宝> ?y. }
mult_constraints_one_simple	q1539:《百年孤独》的作者是哪个国家的？	select ?y where { <百年孤独> <作者> ?x. ?x <国籍> ?y. }
mult_constraints_one_simple	q1544:法国国花的拉丁文学名是什么？	select ?y where { <法国_（法兰西共和国）> <国花> ?x. ?x <拉丁学名> ?y. }
mult_constraints_one_simple	q1558:《时间简史》的作者的英文全名是什么？	select ?y where { <时间简史_（斯蒂芬·霍金著作）> <作者> ?x. ?x <外文名> ?y. }
mult_constraints_one_simple	q1578:舒伯特出生城市有多大？	select ?y where { <舒伯特> <出生地> ?x. ?x <城市面积> ?y. }
mult_constraints_one_simple	q1585:卧虎藏龙的导演是什么星座？	select ?y where { <卧虎藏龙_（李安导演电影）> <导演> ?x. ?x <星座> ?y. }
mult_constraints_one_simple	q1591:我们经常吃的东坡肉的发明者的字号是什么？	select ?y where { <东坡肉> <创制人> ?x. ?x <字号> ?y. }
mult_constraints_one_simple	q1601:《指环王》系列电影的拍摄地点在哪个大洲？	select ?y where { <指环王_（英美2001-2003年彼得·杰克逊执导系列电影）> <拍摄地点> ?x. ?x <所属洲> ?y. }
mult_constraints_one_simple	q1603:天蝎座的守护神的的管辖范围是哪里？	select ?y where { <天蝎座_（占星学）> <守护神> ?x. ?x <司掌> ?y. }
mult_constraints_one_simple	q1610:李寻欢出自哪个作家的作品？	select ?y where { <李寻欢_（古龙武侠小说《多情剑客无情剑》中主人公）> <登场作品> ?x. ?x <作者> ?y. }
mult_constraints_one_simple	q1621:"万有引力定律"的提出者的信仰是？	select ?y where { <万有引力定律> <提出者> ?x. ?x <信仰> ?y. }
mult_constraints_one_simple	q1630:老干妈的创始人是什么职位？	select ?y where { <老干妈> <创始人> ?x. ?x <任职> ?y. }
mult_constraints_one_simple	q1660:《三体》的作者毕业于哪所大学？	select ?y where { <三体_（刘慈欣著科幻小说）> <作者> ?x. ?x <毕业院校> ?y. }
mult_constraints_one_simple	q1665:计算机的发明者是哪个民族的人？	select ?y where { <计算机> <发明者> ?x. ?x <民族> ?y. }
mult_constraints_one_simple	q1669:主演卧虎藏龙的有哪儿的人？	select ?y where { <卧虎藏龙_（李安导演电影）> <主演> ?x. ?x <出生地> ?y. }
mult_constraints_one_simple	q1679:《EVA》的导演毕业于哪所大学？	select ?y where { <eva_（福音战士ACGN系列）> <导演> ?x. ?x <毕业院校> ?y. }
mult_constraints_one_simple	q2506:"黑洞无毛定理"的提出者的成就主要有哪些？	select ?y where { <黑洞无毛定理> <提出者> ?x. ?x <主要成就> ?y. }
mult_constraints_one_simple	q2527:《额尔古纳河右岸》的作者来自哪个民族？	select ?y where { <额尔古纳河右岸> <作者> ?x. ?x <民族> ?y. }
mult_constraints_one_simple	q2530:奥地利的首都在哪个时区？	select ?y where { <奥地利> <首都> ?x. ?x <时区> ?y. }
mult_constraints_one_simple	q2531:《指环王》的原著作者毕业于哪所大学？	select ?y where { <指环王_（英美2001-2003年彼得·杰克逊执导系列电影）> <原著作者> ?x. ?x <毕业院校> ?y. }
mult_constraints_one_simple	q2541:《辛德勒的名单》的导演是哪个国家的？	select ?y where { <辛德勒的名单> <导演> ?x. ?x <国籍> ?y. }
mult_constraints_one_simple	q2550:蝙蝠侠的出生地有多少人口？	select ?a where { <蝙蝠侠_（美国DC漫画旗下超级英雄）> <出生地> ?x. ?x <人口> ?a. }
mult_constraints_one_simple	q2579:小说《伊豆的舞女》的作者在什么时间去世了？	select ?y where { <雪国_（日本川端康成著小说）> <作者> ?x. ?x <逝世日期> ?y. }
mult_constraints_one_simple	q2627:梅西所在俱乐部成立时间？	select ?y where { <里奥·梅西_（阿根廷足球运动员）> <所属运动队> ?x. ?x <成立时间> ?y. }
mult_constraints_one_simple	q2636:《甄嬛传》中甄嬛的饰演者的老公是谁？	select ?y where { <甄嬛_（小说《后宫·甄嬛传》的人物）> <饰演者> ?x. ?x <配偶> ?y. }
mult_constraints_one_simple	q2639:Windows操作系统发行公司的创始人是谁？	select ?y where { <Windows操作系统> <发行者> ?x. ?x <联合创始人> ?y. }
mult_constraints_one_simple	q2643:共产主义的发起者是哪个学校毕业的？	select ?y where { <共产主义> <发起者> ?x. ?x <毕业院校> ?y. }
mult_constraints_one_simple	q2666:北大现任校长毕业于哪所大学？	select ?y where { <北京大学> <现任校长> ?x. ?x <毕业院校> ?y. }
mult_constraints_one_simple	q2680:在金庸小说《天龙八部》中，萧峰的师父属于哪个帮派？	select ?y where { <萧峰_（金庸武侠小说《天龙八部》的男主角）> <师傅> ?x. ?x <帮派> ?y. }
mult_constraints_one_simple	q2688:《额尔古纳河右岸》的作者有何社会评价？	select ?y where { <额尔古纳河右岸> <作者> ?x. ?x <社会评价> ?y. }
mult_constraints_one_simple	q547:拉斯维加斯所属州的别名是什么？	select ?x where { <拉斯维加斯_（美国内华达州的最大城市）> <所属地区> ?y. ?y <别名> ?x. }
mult_constraints_one_simple	q550:印度教主神毗湿奴的坐骑的原型是什么？	select ?x where { <毗湿奴_（印度教主神）> <坐骑> ?y. ?y <原型> ?x. }
mult_constraints_one_simple	q553:俄罗斯的首都有多少人口？	select ?x where { <俄罗斯_（俄罗斯联邦）> <首都> ?y. ?y <人口> ?x. }
mult_constraints_one_simple	q557:中国的首都的占地面积多少？	select ?x where { <中华人民共和国> <首都> ?y. ?y <面积> ?x. }
mult_constraints_one_simple	q560:加拿大最大城市有哪些机场？	select ?x where { <加拿大_（北美洲国家）> <最大城市> ?y. ?y <机场> ?x. }
mult_constraints_one_simple	q566:上海期货交易所所在地区有机场吗？	select ?x where { <上海期货交易所> <地区> ?y. ?y <机场> ?x. }
mult_constraints_one_simple	q570:阿根廷央行的职责是什么？	select ?x where { <阿根廷_（阿根廷共和国）> <中央银行> ?y. ?y <职责> ?x. }
mult_constraints_one_simple	q574:电影钢铁侠的主演都有哪些代表作品？	select ?x where { <Ironman_（美国2008年小罗伯特·唐尼主演电影）> <主演> ?y. ?y <代表作品> ?x. }
mult_constraints_one_simple	q575:出品速度与激情系列电影的公司的总部在哪里？	select ?x where { <速度与激情_（美国赛车动作主题系列电影）> <出品公司> ?y. ?y <总部地点> ?x. }
mult_constraints_one_simple	q587:宋雪桦是在哪个地区上的大学？	select ?x where { <宋雪桦> <毕业院校> ?y. ?y <所属地区> ?x. }
mult_constraints_one_simple	q599:小说《诛仙》的主要角色有哪些法宝？	select ?x where { <诛仙_（萧鼎著古典仙侠小说）> <主要角色> ?y. ?y <法宝武器> ?x. }
mult_constraints_one_simple	q602:蜀道难的作者祖籍在哪里？	select ?x where { <蜀道难_（李白作古体诗）> <作者> ?y. ?y <祖籍> ?x. }
mult_constraints_one_simple	q603:与刘昊然的星座相邻的有哪些星座？	select ?x where { <刘昊然> <星座> ?y. ?y <邻接星座> ?x. }
mult_constraints_one_simple	q608:加拿大最高建筑的地理位置？	select ?x where { <加拿大_（北美洲国家）> <最高建筑> ?y. ?y <地理位置> ?x. }
mult_constraints_one_simple	q613:钢铁侠的大学是谁创办的？	select ?x where { <史塔克_（美国动漫及电影钢铁侠中的人物）> <毕业院校> ?y. ?y <创办者> ?x. }
mult_constraints_one_simple	q617:北京国安的主场最多能够容纳多少人？	select ?x where { <北京国安足球俱乐部> <主场馆> ?y. ?y <座位数量> ?x. }
mult_constraints_one_simple	q618:北京奥运的吉祥物是谁设计的？	select ?x where { <2008年北京奥运会> <吉祥物> ?y. ?y <设计者> ?x. }
mult_constraints_one_simple	q624:古希腊悲剧《俄狄浦斯王》的作者有哪些代表作品？	select ?x where { <俄狄浦斯王_（古希腊悲剧）> <作者> ?y. ?y <代表作品> ?x. }
mult_constraints_one_simple	q675:你知道几个那些主角吊炸天的漫画的作者？	select ?x where { <高武世界_（指具体的高武世界（位面））> <代表> ?y. ?y <作者> ?x. }
mult_constraints_one_simple	q683:俞敏洪母校的校庆日是哪一天？	select ?x where { <俞敏洪> <毕业院校> ?y. ?y <校庆日> ?x. }
mult_constraints_one_simple	q715:克苏鲁所在群体都代表着什么？	select ?z where { <克苏鲁_（克苏鲁的呼唤神话小说里面的邪灵角色）> <所属> ?y. ?y <象征> ?z. }
mult_constraints_one_simple	q726:康熙王朝的纸片人毕业于哪个学校？	select ?x where { <康熙王朝_（中国2001年陈家林执导陈道明主演电视剧）> <制片人> ?y. ?y <毕业院校> ?x. }
mult_constraints_one_simple	q737:阿根廷首都面积有多大？	select ?x where { <阿根廷_（阿根廷共和国）> <首都> ?y. ?y <面积> ?x. }
mult_constraints_one_simple	q741:《半生缘》的作者的毕业院校是？	select ?x where { <半生缘_（张爱玲作品）> <作者> ?y. ?y <毕业院校> ?x. }
mult_constraints_one_simple	q742:发行电影《谍影重重3》的公司的组织形式是怎样的？	select ?x where { <谍影重重3> <发行公司> ?y. ?y <组织形式> ?x. }
mult_constraints_one_simple	q743:苹果公司的创始人什么时候去世的？	select ?x where { <苹果_（苹果产品公司）> <创始人> ?y. ?y <逝世日期> ?x. }
mult_constraints_one_simple	q745:杜邦传的作者身高多少？	select ?x where { <杜邦传> <作者> ?y. ?y <身高> ?x. }
mult_constraints_one_simple	q752:阿根廷国鸟属于哪个目？	select ?x where { <阿根廷_（阿根廷共和国）> <国鸟> ?y. ?y <目> ?x. }
mult_constraints_one_simple	q763:北大校长的生日是什么时候？	select ?x where { <北京大学> <现任校长> ?y. ?y <出生日期> ?x. }
mult_constraints_one_simple	q764:阿根廷的官方语言全球有多少人在用？	select ?x where { <阿根廷_（阿根廷共和国）> <官方语言> ?y. ?y <使用人数> ?x. }
mult_constraints_one_simple	q768:阜田镇的方言属于哪个语系？	select ?x where { <阜田镇> <方言> ?y. ?y <所属语系> ?x. }
mult_constraints_one_simple	q780:古希腊悲剧《俄狄浦斯王》的作者的出生日期？	select ?x where { <俄狄浦斯王_（古希腊悲剧）> <作者> ?y. ?y <出生日期> ?x. }
mult_constraints_one_simple	q793:J联赛球队大阪樱花的主场最多能够容纳多少人？	select ?x where { <大阪樱花足球俱乐部> <主场馆> ?y. ?y <容量> ?x. }
mult_constraints_one_simple	q794:习近平的母校的现在的校长是谁？	select ?z where { <习近平> <毕业院校> ?y. ?y <现任校长> ?z. }
mult_constraints_one_simple	q795:《丰乳肥臀》的作者其民族是？	select ?x where { <丰乳肥臀> <作者> ?y. ?y <民族> ?x. }
mult_constraints_one_simple	q796:小说《放手那么难》的连载网站的网址是什么？	select ?x where { <放手那么难> <连载网站> ?y. ?y <官网> ?x. }
mult_constraints_one_simple	q797:巴黎的市长是在哪出生的？	select ?x where { <巴黎_（法国首都）> <市长> ?y. ?y <出生地> ?x. }
mult_constraints_one_simple	q802:长城所在国家的首都是？	select ?x where { <万里长城_（中国古代军事工程）> <所属国家> ?y. ?y <首都> ?x. }
mult_constraints_one_simple	q804:黄贯中的老婆参演了哪些影视作品？	select ?x where { <黄贯中> <配偶> ?y. ?y <代表作品> ?x. }
mult_constraints_one_simple	q805:NIKE创始人的毕业院校是什么？	select ?x where { <NIKE> <创始人> ?y. ?y <毕业院校> ?x. }
mult_constraints_one_simple	q818:《野草》的作者其民族是？	select ?x where { <野草_（鲁迅创作散文诗集）> <作者> ?y. ?y <民族> ?x. }
mult_constraints_one_simple	q820:《半生缘》的作者的主要成就有哪些？	select ?x where { <半生缘_（张爱玲作品）> <作者> ?y. ?y <血型> ?x. }
mult_constraints_one_simple	q836:《丰乳肥臀》的作者的别名有？	select ?x where { <丰乳肥臀> <作者> ?y. ?y <别名> ?x. }
mult_constraints_one_simple	q844:叔本华信仰的宗教主要分布在哪些区域？	select ?x where { <亚瑟·叔本华> <信仰> ?y. ?y <主要分布区域> ?x. }
mult_constraints_one_simple	q847:建宁公主是哪位作家笔下的人物？	select ?x where { <建宁公主_（金庸小说《鹿鼎记》人物）> <登场作品> ?y. ?y <作者> ?x. }
mult_constraints_one_simple	q850:上海总商会的首任总理是何时去世的？	select ?x where { <上海总商会> <首任总理> ?y. ?y <去世时间> ?x. }
mult_constraints_one_simple	q852:《丰乳肥臀》的作者出生日期是？	select ?x where { <丰乳肥臀> <作者> ?y. ?y <出生日期> ?x. }
mult_constraints_one_simple	q855:《半生缘》的作者其民族是？	select ?x where { <半生缘_（张爱玲作品）> <作者> ?y. ?y <民族> ?x. }
mult_constraints_one_simple	q857:爱伦·坡出生的城市有哪些著名景点？	select ?x where { <埃德加·爱伦·坡> <出生地> ?y. ?y <著名景点> ?x. }
mult_constraints_one_simple	q884:沈从文的同族人他们一般聚居在哪？	select ?x where { <沈从文> <民族> ?y. ?y <主要分布区> ?x. }
mult_constraints_one_simple	q898:阿塞拜疆所属洲主要有哪些国家？	select ?x where { <阿塞拜疆> <所属洲> ?y. ?y <主要国家> ?x. }
mult_constraints_one_simple	q911:《丰乳肥臀》的作者的主要成就是？	select ?x where { <丰乳肥臀> <作者> ?y. ?y <主要成就> ?x. }
mult_constraints_one_simple	q929:上海期货交易所所在地区的气候怎么样？	select ?x where { <上海期货交易所> <地区> ?y. ?y <气候条件> ?x. }
mult_constraints_one_simple	q967:电影阿凡达的导演来自哪个国家？	select ?x where { <Avatar_（2009年上映詹姆斯·卡梅隆执导美国电影）> <导演> ?y. ?y <国籍> ?x. }
mult_constraints_one_simple	q991:周杰伦经纪公司的外文名？	select ?x where { <周杰伦> <经纪公司> ?y. ?y <外文名> ?x. }
mult_constraints_one_simple	q994:"国际章"上的大学还出了什么名人？	select ?x where { <章子怡> <毕业院校> ?y. ?y <知名校友> ?x. }
mult_constraints_one_simple	q1038:《醉翁亭记》是哪个朝代的人写的？	select ?x where { <醉翁亭记> <作者> ?y. ?y <国籍> ?x. }
mult_constraints_one_simple	q1039:著有《百年孤独》一书的作者出生于何时？	select ?x where { <百年孤独> <作者> ?y. ?y <出生日期> ?x. }
mult_constraints_one_simple	q1048:星爷的公司是哪年成立的？	select ?x where { <周星驰> <经纪公司> ?y. ?y <成立时间> ?x. }
mult_constraints_one_simple	q1060:歌曲《红玫瑰》的原唱歌手是什么民族的？	select ?x where { <红玫瑰_（陈奕迅演唱歌曲）> <歌曲原唱> ?y. ?y <民族> ?x. }
mult_constraints_one_simple	q1062:金正恩父亲的军衔有多高？	select ?x where { <金正恩_（朝鲜最高领导人）> <父亲> ?y. ?y <军衔> ?x. }
mult_constraints_one_simple	q1072:《野草》的作者的代表作品有哪些？	select ?x where { <野草_（鲁迅创作散文诗集）> <作者> ?y. ?y <代表作品> ?x. }
mult_constraints_one_simple	q1075:NIKE总部所在地有哪些大学？	select ?x where { <NIKE> <总部地点> ?y. ?y <高等院校> ?x. }
mult_constraints_one_simple	q1086:游戏《敢死队的战争》的发行站点的网站口号是什么？	select ?x where { <敢死队的战争> <游戏站点> ?y. ?y <公司口号> ?x. }
mult_constraints_one_simple	q1097:《丰乳肥臀》的作者的毕业院校是？	select ?x where { <丰乳肥臀> <作者> ?y. ?y <毕业院校> ?x. }
mult_constraints_one_simple	q1101:朱茵的丈夫有哪些音乐作品？	select ?x where { <朱茵_（中国香港女演员）> <配偶> ?y. ?y <代表作品> ?x. }
mult_constraints_one_simple	q1102:皇马的主席毕业于哪个学校？	select ?x where { <皇家马德里_（皇家马德里足球俱乐部）> <主席> ?y. ?y <毕业院校> ?x. }
mult_constraints_one_simple	q1113:《悲惨世界》的作者的毕业院校是？	select ?x where { <悲惨世界_（法国作家雨果创作长篇小说）> <作者> ?y. ?y <毕业院校> ?x. }
mult_constraints_one_simple	q1126:《随想录》的作者其代表作品有哪些？	select ?x where { <随想录> <作者> ?y. ?y <代表作品> ?x. }
mult_constraints_one_simple	q1146:瑞士国歌的发行时间？	select ?x where { <瑞士> <国歌> ?y. ?y <发行时间> ?x. }
mult_constraints_one_simple	q1150:龙凤店的导演的出生地是哪？	select ?x where { <龙凤店> <导演> ?y. ?y <出生地> ?x. }
mult_constraints_one_simple	q1153:李宗伟的祖国的首都是哪里？	select ?x where { <李宗伟> <国籍> ?y. ?y <首都> ?x. }
mult_constraints_one_simple	q1156:湛江市市花又叫做什么？	select ?x where { <湛江> <市花> ?y. ?y <别称> ?x. }
mult_constraints_one_simple	q1167:高加索地区所属大陆的人口密度？	select ?x where { <高加索> <所属地区> ?y. ?y <人口密度> ?x. }
mult_constraints_one_simple	q1175:贝多芬的国家的首都是？	select ?x where { <音乐家贝多芬> <国籍> ?y. ?y <首都> ?x. }
mult_constraints_one_simple	q1186:《随想录》的作者出生日期是？	select ?x where { <随想录> <作者> ?y. ?y <出生日期> ?x. }
mult_constraints_one_simple	q1189:秦始皇的继任者葬在哪里了？	select ?x where { <秦始皇_（中国首位皇帝）> <继承人> ?y. ?y <陵墓> ?x. }
mult_constraints_one_simple	q1205:纪录片舌尖上的中国的导演毕业于哪个学校？	select ?x where { <舌尖上的中国_（2012年陈晓卿执导纪录片）> <导演> ?y. ?y <毕业院校> ?x. }
mult_constraints_one_simple	q1208:电影钢铁侠的导演都有哪些代表作品？	select ?x where { <Ironman_（美国2008年小罗伯特·唐尼主演电影）> <导演> ?y. ?y <代表作品> ?x. }
mult_constraints_one_simple	q1219:《随想录》的作者其原名是？	select ?x where { <随想录> <作者> ?y. ?y <中文名> ?x. }
mult_constraints_one_simple	q1224:俄罗斯的首都是何时建城的？	select ?x where { <俄罗斯_（俄罗斯联邦）> <首都> ?y. ?y <建城时间> ?x. }
mult_constraints_one_simple	q1225:电影《白日焰火》的导演有哪些代表作品？	select ?x where { <白日焰火> <导演> ?y. ?y <代表作品> ?x. }
mult_constraints_one_simple	q1229:孙燕姿的出生地的国歌时什么？	select ?x where { <孙燕姿> <出生地> ?y. ?y <国歌> ?x. }
mult_constraints_one_simple	q1232:洋毛子说的是哪儿的人啊？	select ?x where { <洋毛子> <特指> ?y. ?y <主要分布> ?x. }
mult_constraints_one_simple	q1240:《半生缘》的作者其出生日期是？	select ?x where { <半生缘_（张爱玲作品）> <作者> ?y. ?y <出生日期> ?x. }
mult_constraints_one_simple	q1243:成龙儿子的职业是什么？	select ?x where { <成龙_（中国香港演员、导演）> <儿子> ?y. ?y <职业> ?x. }
mult_constraints_one_simple	q1262:阿塞拜疆所属洲的别称是什么？	select ?x where { <阿塞拜疆> <所属洲> ?y. ?y <别名> ?x. }
mult_constraints_one_simple	q1275:环太平洋的导演的出生地是哪？	select ?x where { <环太平洋_（美国2013年吉尔莫·德尔·托罗执导的科幻电影）> <导演> ?y. ?y <出生地> ?x. }
mult_constraints_one_simple	q1281:出版书籍《宋史新探》的出版社是何时成立的？	select ?x where { <宋史新探> <出版社> ?y. ?y <成立时间> ?x. }
mult_constraints_one_simple	q1283:《悲惨世界》的作者的主要成就是？	select ?x where { <悲惨世界_（法国作家雨果创作长篇小说）> <作者> ?y. ?y <主要成就> ?x. }
mult_constraints_one_simple	q1484:C++之父是哪国人？	select ?x where { <c++> <创始人> ?y. ?y <国籍> ?x. }
mult_constraints_one_simple	q1488:威猛先生隶属于哪个公司？	select ?x where { <威猛先生> <隶属> ?y. ?y <公司名称> ?x. }
mult_constraints_one_simple	q1494:成龙的儿子毕业于哪一所学校？	select ?x where { <成龙_（中国香港演员、导演）> <儿子> ?y. ?y <毕业院校> ?x. }
mult_constraints_one_simple	q1520:钢铁侠的大学的校友获得过哪些奖项？	select ?x where { <史塔克_（美国动漫及电影钢铁侠中的人物）> <毕业院校> ?y. ?y <主要奖项> ?x. }
mult_constraints_one_simple	q1551:林徽因的丈夫的父亲是？	select ?x where { <林徽因_（中国建筑师、诗人、作家）> <丈夫> ?y. ?y <父亲> ?x. }
mult_constraints_one_simple	q1562:伊利企业董事长出生在？	select ?x where { <伊利_（内蒙古伊利实业集团股份有限公司）> <董事长> ?y. ?y <出生地> ?x. }
mult_constraints_one_simple	q1566:尼采毕业学校的官网是什么？	select ?x where { <弗里德里希·威廉·尼采> <毕业院校> ?y. ?y <官网> ?x. }
mult_constraints_one_simple	q1567:《盗墓笔记》的作者其笔名是？	select ?x where { <随想录> <作者> ?y. ?y <笔名> ?x. }
mult_constraints_one_simple	q1577:记忆魔法的导演是哪个国家的？	select ?x where { <记忆魔方_（美国电影）> <导演> ?y. ?y <国籍> ?x. }
mult_constraints_one_simple	q1582:巴西首都的时区？	select ?x where { <巴西_（巴西联邦共和国）> <首都> ?y. ?y <时区> ?x. }
mult_constraints_one_simple	q1588:著有《藕与莼菜》一书的作者出生于何时？	select ?x where { <藕与莼菜> <作者> ?y. ?y <出生日期> ?x. }
mult_constraints_one_simple	q1596:电影阿凡达的导演的出生地是哪里？	select ?x where { <Avatar_（2009年上映詹姆斯·卡梅隆执导美国电影）> <导演> ?y. ?y <出生地> ?x. }
mult_constraints_one_simple	q1597:孔子祖籍城市现有多少人口？	select ?x where { <孔子_（儒家学派创始人）> <祖籍> ?y. ?y <人口> ?x. }
mult_constraints_one_simple	q1606:《悲惨世界》的作者的出生地是？	select ?x where { <悲惨世界_（法国作家雨果创作长篇小说）> <作者> ?y. ?y <出生地> ?x. }
mult_constraints_one_simple	q1608:红楼梦中王熙凤丈夫的原型是谁？	select ?x where { <王熙凤> <丈夫> ?y. ?y <人物原型> ?x. }
mult_constraints_one_simple	q1617:电影钢铁侠的主演都获得过那些奖项？	select ?x where { <Ironman_（美国2008年小罗伯特·唐尼主演电影）> <主演> ?y. ?y <主要成就> ?x. }
mult_constraints_one_simple	q1638:《野草》的作者主要成就是？	select ?x where { <野草_（鲁迅创作散文诗集）> <作者> ?y. ?y <主要成就> ?x. }
mult_constraints_one_simple	q1639:《悲惨世界》的作者的血型是？	select ?x where { <悲惨世界_（法国作家雨果创作长篇小说）> <作者> ?y. ?y <血型> ?x. }
mult_constraints_one_simple	q1649:俄罗斯的国花有毒吗？	select ?x where { <俄罗斯_（俄罗斯联邦）> <国花> ?y. ?y <毒性> ?x. }
mult_constraints_one_simple	q1664:蔡元培毕业的学校在哪里？	select ?x where { <蔡元培> <毕业院校> ?y. ?y <地理位置> ?x. }
mult_constraints_one_simple	q1688:全柴动力所在的股票市场实行哪种交易制度？	select ?x where { <全柴动力> <市场> ?y. ?y <交易制度> ?x. }
mult_constraints_one_simple	q1770:2019年全球品牌500强榜首是哪个国家的？	select ?x where { <全球品牌价值500强> <榜首> ?y. ?y <国家> ?x. }
mult_constraints_one_simple	q1775:布丁股份董事长的年龄？	select ?x where { <布丁股份> <董事长> ?y. ?y <年龄> ?x. }
mult_constraints_one_simple	q1891:现任证监会主席毕业于哪所学校？	select ?x where { <证监会> <现任主席> ?y. ?y <毕业院校> ?x. }
mult_constraints_one_simple	q2500:缅甸最大城市有哪些著名景点？	select ?x where { <缅甸> <最大城市> ?y. ?y <著名景点> ?x. }
mult_constraints_one_simple	q2512:《随想录》的作者的出生地是？	select ?x where { <随想录> <作者> ?y. ?y <出生地> ?x. }
mult_constraints_one_simple	q2517:华为公司董事长毕业于哪所院校？	select ?x where { <华为技术有限公司> <董事长> ?y. ?y <毕业院校> ?x. }
mult_constraints_one_simple	q2537:加拿大国树的分布区域？	select ?x where { <加拿大_（北美洲国家）> <国树> ?y. ?y <分布区域> ?x. }
mult_constraints_one_simple	q2539:《悲惨世界》的作者的出生日期是？	select ?x where { <悲惨世界_（法国作家雨果创作长篇小说）> <作者> ?y. ?y <出生日期> ?x. }
mult_constraints_one_simple	q2549:《野草》的作者出生日期是？	select ?x where { <野草_（鲁迅创作散文诗集）> <作者> ?y. ?y <出生日期> ?x. }
mult_constraints_one_simple	q2554:俄罗斯的官方语言属于哪个语系？	select ?x where { <俄罗斯_（俄罗斯联邦）> <官方语言> ?y. ?y <语系> ?x. }
mult_constraints_one_simple	q2589:绥靖天皇的父亲是何时即位的？	select ?x where { <绥靖天皇> <父亲> ?y. ?y <即位年月> ?x. }
mult_constraints_one_simple	q2594:电影神秘家族的导演出生于什么时候？	select ?x where { <神秘家族_（2016年朴裕焕执导电影）> <导演> ?y. ?y <出生日期> ?x. }
mult_constraints_one_simple	q2600:皇马的主场的西班牙文名是什么？	select ?x where { <皇家马德里_（皇家马德里足球俱乐部）> <主场馆> ?y. ?y <外文名> ?x. }
mult_constraints_one_simple	q2613:钱钟书是在哪个地区上的大学？	select ?x where { <钱钟书> <毕业院校> ?y. ?y <所属地区> ?x. }
mult_constraints_one_simple	q2615:俄罗斯的首都的邮政区码是多少？	select ?x where { <俄罗斯共和国> <首都> ?y. ?y <邮政区码> ?x. }
mult_constraints_one_simple	q2632:朴槿惠父亲的主要成就？	select ?x where { <朴槿惠> <父亲> ?y. ?y <主要成就> ?x. }
mult_constraints_one_simple	q2652:比利·海灵顿的出生地有哪些院校/研究所？	select ?x where { <比利·海灵顿> <出生地> ?y. ?y <院校、研究所> ?x. }
mult_constraints_one_simple	q2657:联想GPU所用操作系统的特点有哪些？	select ?x where { <联想GPU> <操作系统> ?y. ?y <特点> ?x. }
mult_constraints_one_simple	q2676:演员陈晓的经纪公司建在哪里？	select ?x where { <陈晓_（中国内地男演员）> <经纪公司> ?y. ?y <总部地点> ?x. }
mult_constraints_one_simple	q2677:《半生缘》的作者其笔名有？	select ?x where { <半生缘_（张爱玲作品）> <作者> ?y. ?y <笔名> ?x. }
mult_constraints_one_simple	q2683:《野草》的作者原名是？	select ?x where { <野草_（鲁迅创作散文诗集）> <作者> ?y. ?y <原名> ?x. }
mult_constraints_one_simple	q2711:中粮地产的董事长上任时间?	select ?x where { <中粮地产> <董事长> ?y. ?y <上任时间> ?x. }
mult_constraints_one_simple	q2712:中粮地产的法人上任时间?	select ?x where { <中粮地产> <法人> ?y. ?y <上任时间> ?x. }
mult_constraints_one_simple	q2713:中粮地产的职工监事上任时间?	select ?x where { <中粮地产> <职工监事> ?y. ?y <上任时间> ?x. }
mult_constraints_one_simple	q2714:中粮地产的监事会主席上任时间?	select ?x where { <中粮地产> <监事会主席> ?y. ?y <上任时间> ?x. }
mult_constraints_one_simple	q2715:中粮地产的监事会副主席上任时间?	select ?x where { <中粮地产> <监事会副主席> ?y. ?y <上任时间> ?x. }
mult_constraints_one_simple	q2957:恒生电子董事长的薪酬是多少	select ?x where { <恒生电子> <董事长> ?y. ?y <年薪> ?x. }
mult_constraints_one_simple	q2958:恒生电子董事长的性别是什么	select ?x where { <恒生电子> <董事长> ?y. ?y <性别> ?x. }
mult_constraints_one_simple	q2959:恒生电子的现任董事长是什么时候开始履职的？	select ?x where { <恒生电子> <董事长> ?y. ?y <任职日期> ?x. }
mult_constraints_one_simple	q2960:恒生电子的董事长的持股数量是多少	select ?x where { <恒生电子> <董事长> ?y. ?y <持股数量> ?x. }
mult_constraints_one_simple	q2961:恒生电子的董事长的持股总数占比是多少	select ?x where { <恒生电子> <董事长> ?y. ?y <持股占比> ?x. }
mult_constraints_one_simple	q2962:恒生电子股份有限公司的董事长多大年纪了	select ?x where { <恒生电子> <董事长> ?y. ?y <年龄> ?x. }
mult_constraints_one_simple	q2963:恒生电子股份有限公司的董事长是什么学历	select ?x where { <恒生电子> <董事长> ?y. ?y <学历> ?x. }
mult_constraints_one_simple	q2964:恒生电子股份有限公司的董事长毕业于哪所大学	select ?x where { <恒生电子> <董事长> ?y. ?y <毕业院校> ?x. }
mult_constraints_one_simple	q2968:大华股份的董事长是哪一年生的	select ?x where { <大华股份> <董事长> ?y. ?y <出生日期> ?x. }
mult_constraints_one_simple	q2969:大华股份的董事长毕业于哪所高校	select ?x where { <大华股份> <董事长> ?y. ?y <毕业院校> ?x. }
mult_constraints_one_simple	q2970:蚂蚁金服现任总裁是什么时候上任的？	select ?x where { <蚂蚁金服> <总裁> ?y. ?y <任职日期> ?x. }
mult_constraints_one_simple	q2975:位于魔都的期货交易所叫什么	select ?x where { <上海> <别称> ?y. ?y <期货交易所> ?x. }
mult_constraints_one_simple	q2976:位于河南省会的期货交易所叫什么	select ?x where { <河南> <省会> ?y. ?y <期货交易所> ?x. }
mult_constraints_one_simple	q2977:位于河南省会的期货交易所全称叫什么	select ?x where { <河南> <省会> ?y. ?y <期货交易所> ?x. }
mult_constraints_one_simple	q2983:和记黄埔的董事长有什么企业	select ?x where { <和记黄埔> <董事长> ?y. ?y <参股公司> ?x. }
mult_constraints_one_simple	q2985:恒生电子股份有限公司董事长名下有多少家公司	select ?x where { <恒生电子股份有限公司> <董事长> ?y. ?y <参股公司数> ?x. }
mult_constraints_one_simple	q2986:恒生电子股份有限公司总裁名下有多少家公司	select ?x where { <恒生电子股份有限公司> <总裁> ?y. ?y <参股公司数> ?x. }
mult_constraints_one_simple	q2987:浙江大华技术股份有限公司董事长任职多少家企业？	select ?x where { <浙江大华技术股份有限公司> <董事长> ?y. ?y <参股公司数> ?x. }
mult_constraints_one_simple	q2989:华泰证券的董事长年龄多大了？	select ?x where { <华泰证券> <董事长> ?y. ?y <年龄> ?x. }
mult_constraints_one_simple	q2990:华泰证券的董事长是什么学历？	select ?x where { <华泰证券> <董事长> ?y. ?y <学历> ?x. }
mult_constraints_one_simple	q2991:光大证券董事长多大年纪了？	select ?x where { <光大证券> <董事长> ?y. ?y <年纪> ?x. }
mult_constraints_one_simple	q2992:光大证券董事长是什么学历？	select ?x where { <光大证券> <董事长> ?y. ?y <学历> ?x. }
mult_constraints_one_simple	q2993:光大证券董事长年薪是多少？	select ?x where { <光大证券> <董事长> ?y. ?y <年薪> ?x. }
mult_constraints_one_simple	q2994:海通证券的董事长是什么学历？	select ?x where { <海通证券> <董事长> ?y. ?y <学历> ?x. }
mult_constraints_one_simple	q2995:海通证券的董事长年薪是多少？	select ?x where { <海通证券> <董事长> ?y. ?y <年薪> ?x. }
mult_constraints_one_simple	q2996:海通证券的董事长多大年龄？	select ?x where { <海通证券> <董事长> ?y. ?y <年纪> ?x. }
mult_constraints_one_simple	q2997:与海通证券董事长关联的公司有几家？	select ?x where { <海通证券> <董事长> ?y. ?y <关联公司数量> ?x. }
mult_constraints_one_simple	q2999:小米科技有限责任公司法定代表人有多少家关联公司？	select ?x where { <小米科技有限责任公司> <法人> ?y. ?y <关联公司数量> ?x. }
mult_constraints_one_simple	q3000:小米科技董事长名下有哪些上市公司	select ?x where { <小米科技> <董事长> ?y. ?y <参股公司> ?x. }